<?xml version="1.0" encoding="UTF-8"?>
<project-private xmlns="http://www.netbeans.org/ns/project-private/1">
    <editor-bookmarks xmlns="http://www.netbeans.org/ns/editor-bookmarks/2" lastBookmarkId="0"/>
    <open-files xmlns="http://www.netbeans.org/ns/projectui-open-files/2">
        <group>
            <file>file:/C:/Users/HP/OneDrive/Desktop/sem%207-/open%20lab-advanced%20java/Project_connectglobe/mc/Connect%20Globe/web/send_message.jsp</file>
            <file>file:/C:/Users/HP/OneDrive/Desktop/sem%207-/open%20lab-advanced%20java/Project_connectglobe/mc/Connect%20Globe/src/java/ReplyServlet.java</file>
            <file>file:/C:/Users/HP/OneDrive/Desktop/sem%207-/open%20lab-advanced%20java/Project_connectglobe/mc/Connect%20Globe/src/java/MessageServlet.java</file>
            <file>file:/C:/Users/HP/OneDrive/Desktop/sem%207-/open%20lab-advanced%20java/Project_connectglobe/mc/Connect%20Globe/src/java/LoginServlet.java</file>
        </group>
    </open-files>
</project-private>
